name,unit,image,water_g,energ_kcal,protein_g,lipid_tot_g,ash_g,carbohydrt_g,fiber_td_g,sugar_tot_g,calcium_mg,iron_mg,magnesium_mg,phosphorus_mg,potassium_mg,sodium_mg,zinc_mg,copper_mg,manganese_mg,selenium_ug,vit_c_mg,thiamin_mg,riboflavin_mg,niacin_mg,panto_acid_mg,vit_b6_mg,folate_tot_ug,folic_acid_ug,food_folate_ug,folate_dfe_ug,choline_tot_mg,vit_b12_ug,vit_a_iu,vit_a_rae,retinol_ug,alpha_carot_ug,beta_carot_ug,beta_crypt_ug,lycopene_ug,lut_zea_ug,vit_e_mg,vit_d_ug,vit_d_iu,vit_k_ug,fa_sat_g,fa_mono_g,fa_poly_g,gmwt_1,gmwt_desc1,gmwt_2,gmwt_desc2,gmwt_3,gmwt_desc3,gmwt_4,gmwt_desc4
ABIYUCH,1,,79.9,69,1.5,0.1,0.9,17.6,5.3,8.55,8,1.61,24,47,304,20,0.31,0.057,0.182,,54.1,,,,,,,,,,,,100,5,0,0,60,,,,,,,,0.014,,,228,1 cup,,,,,,
APPLES FUJI WITH SKN,1,,84.16,63,0.2,0.18,0.24,15.22,2.1,11.68,7,0.1,5,13,109,1,0.04,0.025,0.031,0,,0.013,0.026,0.07,0.051,0.045,3,,3,,3.4,,38,2,,0,17,11,0,11,0.18,,,1,,,,109,1 cup sliced,236,1 large  ,192,1 medium,158,1 small
APPLES GALA WITH SKN,1,,85.76,57,0.25,0.12,0.2,13.68,2.3,10.37,7,0.12,5,11,108,1,0.05,0.021,0.037,0,,0.017,0.029,0.075,0.055,0.049,3,,3,,3.4,,28,1,,0,11,11,0,11,0.18,,,1.3,,,,109,1 cup sliced,200,1 large  ,192,1 medium,158,1 small
APPLES GOLDEN DELICIOUS WITH SKIN,1,,85.81,57,0.28,0.15,0.16,13.6,2.4,10.04,6,0.13,5,10,100,2,0.04,0.03,0.035,0,,0.018,0.026,0.094,0.074,0.051,3,,3,,5.1,,51,3,,0,25,12,0,28,0.18,,,1.8,,,,109,1 cup sliced,215,1 large  ,192,1 medium,158,1 small
APPLES GRANNY SMITH WITH SKIN,1,,85.46,58,0.44,0.19,0.29,13.61,2.8,9.59,5,0.15,5,12,120,1,0.04,0.031,0.044,0.1,,0.019,0.025,0.126,0.056,0.037,3,,3,,3.4,,100,5,,0,59,2,0,64,0.18,,,3.2,,,,109,1 cup sliced,206,1 large  ,192,1 medium,158,1 small
APPLES RED DELICIOUS WITH SKIN,1,,85.33,59,0.27,0.2,0.14,14.06,2.3,10.48,6,0.11,5,12,104,1,0.04,0.027,0.034,0,,0.015,0.025,0.075,0.051,0.034,3,,3,,3.4,,55,3,,0,27,12,0,31,0.24,,,2.6,,,,109,1 cup sliced,260,1 large  ,192,1 medium,158,1 small
APPLES WITH SKIN,1,,85.56,52,0.26,0.17,0.19,13.81,2.4,10.39,6,0.12,5,11,107,1,0.04,0.027,0.035,0,4.6,0.017,0.026,0.091,0.061,0.041,3,0,3,3,3.4,0,54,3,0,0,27,11,0,29,0.18,0,0,2.2,0.028,0.007,0.051,125,1 cup quartered or chopped,109,1 cup slices,192,1 medium,158,1 small
APPLES WITHOUT SKIN,1,,86.67,48,0.27,0.13,0.17,12.76,1.3,10.1,5,0.07,4,11,90,0,0.05,0.031,0.038,0,4,0.019,0.028,0.091,0.071,0.037,0,0,0,0,3.4,0,38,2,0,0,17,13,0,18,0.05,0,0,0.6,0.021,0.005,0.037,110,1 cup slices,216,1 large  ,192,1 medium,158,1 small
APRICOTS,1,,86.35,48,1.4,0.39,0.75,11.12,2,9.24,13,0.39,10,23,259,1,0.2,0.078,0.077,0.1,10,0.03,0.04,0.6,0.24,0.054,9,0,9,9,2.8,0,1926,96,0,19,1094,104,0,89,0.89,0,0,3.3,0.027,0.17,0.077,155,1 cup  halves,165,1 cup sliced,35,1 medium,,
ARUGULA,2,,91.71,25,2.58,0.66,1.4,3.65,1.6,2.05,160,1.46,47,52,369,27,0.47,0.076,0.321,0.3,15,0.044,0.086,0.305,0.437,0.073,97,0,97,97,15.3,0,2373,119,0,0,1424,0,0,3555,0.43,0,0,108.6,0.086,0.049,0.319,2,1 leaf,20,1 cup,,,,
ASPARAGUS,2,,93.22,20,2.2,0.12,0.58,3.88,2.1,1.88,24,2.14,14,52,202,2,0.54,0.189,0.158,2.3,5.6,0.143,0.141,0.978,0.274,0.091,52,0,52,52,16,0,756,38,0,9,449,0,0,710,1.13,0,0,41.6,0.04,0,0.05,134,1 cup,12,"1 spear  small (5"" long)",,,,
AVOCADOS,1,,73.23,160,2,14.66,1.58,8.53,6.7,0.66,12,0.55,29,52,485,7,0.64,0.19,0.142,0.4,10,0.067,0.13,1.738,1.389,0.257,81,0,81,81,14.2,0,146,7,0,24,62,28,0,271,2.07,0,0,21,2.126,9.799,1.816,150,1 cup cubes,230,1 cup pureed,146,1 cup sliced,201,1 medium
BAMBOO SHOOTS,2,,91,27,2.6,0.3,0.9,5.2,2.2,3,13,0.5,3,59,533,4,1.1,0.19,0.262,0.8,4,0.15,0.07,0.6,0.161,0.24,7,0,7,7,0,0,20,1,0,0,12,0,0,0,1,0,0,0,0.069,0.007,0.134,151,"1 cup  (1/2"" slices)",,,,,,
BANANAS,1,,74.91,89,1.09,0.33,0.82,22.84,2.6,12.23,5,0.26,27,22,358,1,0.15,0.078,0.27,1,8.7,0.031,0.073,0.665,0.334,0.367,20,0,20,20,9.8,0,64,3,0,25,26,0,0,22,0.1,0,0,0.5,0.112,0.032,0.073,101,1 small,118,1 medium,136,1 large,152,1 extra large
BASIL FRESH,3,,92.06,23,3.15,0.64,1.49,2.65,1.6,0.3,177,3.17,64,56,295,4,0.81,0.385,1.148,0.3,18,0.034,0.076,0.902,0.209,0.155,68,0,68,68,11.4,0,5275,264,0,0,3142,46,0,5650,0.8,0,0,414.8,0.041,0.088,0.389,2.5,5 leaves,5.3,2 tbsp chopped,,,,
BEET GREENS,2,,91.02,22,2.2,0.13,2.33,4.33,3.7,0.5,117,2.57,70,41,762,226,0.38,0.191,0.391,0.9,30,0.1,0.22,0.4,0.25,0.106,15,0,15,15,0.4,0,6326,316,0,3,3794,0,0,1503,1.5,0,0,400,0.02,0.026,0.046,38,1 cup,32,1 leaf,,,,
BEETS,2,,87.58,43,1.61,0.17,1.08,9.56,2.8,6.76,16,0.8,23,40,325,78,0.35,0.075,0.329,0.7,4.9,0.031,0.04,0.334,0.155,0.067,109,0,109,109,6,0,33,2,0,0,20,0,0,0,0.04,0,0,0.2,0.027,0.032,0.06,136,1 cup,82,"1 beet  (2"" dia)",,,,
BLACKBERRIES,1,,88.15,43,1.39,0.49,0.37,9.61,5.3,4.88,29,0.62,20,22,162,1,0.53,0.165,0.646,0.4,21,0.02,0.026,0.646,0.276,0.03,25,0,25,25,8.5,0,214,11,0,0,128,0,0,118,1.17,0,0,19.8,0.014,0.047,0.28,144,1 cup,,,,,,
BLUEBERRIES,1,,84.21,57,0.74,0.33,0.24,14.49,2.4,9.96,6,0.28,6,12,77,1,0.16,0.057,0.336,0.1,9.7,0.037,0.041,0.418,0.124,0.052,6,0,6,6,6,0,54,3,0,0,32,0,0,80,0.57,0,0,19.3,0.028,0.047,0.146,148,1 cup,68,50 berries,,,,
BREADFRUIT,1,,70.65,103,1.07,0.23,0.93,27.12,4.9,11,17,0.54,25,30,490,2,0.12,0.084,0.06,0.6,29,0.11,0.03,0.9,0.457,0.1,14,0,14,14,9.8,0,0,0,0,0,0,0,0,22,0.1,0,0,0.5,0.048,0.034,0.066,220,1 cup,384,1 small,,,,
BROCCOLI,2,,89.3,34,2.82,0.37,0.87,6.64,2.6,1.7,47,0.73,21,66,316,33,0.41,0.049,0.21,2.5,89.2,0.071,0.117,0.639,0.573,0.175,63,0,63,63,18.7,0,623,31,0,25,361,1,0,1403,0.78,0,0,101.6,0.039,0.011,0.038,91,1 cup chopped,608,1 bunch,,,,
BROCCOLI FLOWER CLUSTERS,2,,90.69,28,2.98,0.35,0.92,5.06,2.3,1.48,48,0.88,25,66,325,27,0.4,0.045,0.229,3,93.2,0.065,0.119,0.638,0.535,0.159,71,0,71,71,,0,3000,,0,,,,,,,0,0,,0.054,0.024,0.167,71,1 cup  flowerets,11,1 floweret,,,,
CABBAGE,2,,92.18,25,1.28,0.1,0.64,5.8,2.5,3.2,40,0.47,12,26,170,18,0.18,0.019,0.16,0.3,36.6,0.061,0.04,0.234,0.212,0.124,43,0,43,43,10.7,0,98,5,0,33,42,0,0,30,0.15,0,0,76,0.034,0.017,0.017,89,1 cup chopped,70,1 cup shredded,,,,
CABBAGE CHINESE (PAK CHOI),2,,95.32,13,1.5,0.2,0.8,2.18,1,1.18,105,0.8,19,37,252,65,0.19,0.021,0.159,0.5,45,0.04,0.07,0.5,0.088,0.194,66,0,66,66,6.4,0,4468,223,0,1,2681,0,0,40,0.09,0,0,45.5,0.027,0.015,0.096,70,1 cup shredded,840,1 head,,,,
CABBAGE CHINESE (PE TSAI),2,,94.39,16,1.2,0.2,0.98,3.23,1.2,1.41,77,0.31,13,29,238,9,0.23,0.036,0.19,0.6,27,0.04,0.05,0.4,0.105,0.232,79,0,79,79,7.6,0,318,16,0,1,190,0,0,48,0.12,0,0,42.9,0.043,0.023,0.072,76,1 cup shredded,,,,,,
CABBAGE RED,2,,90.39,31,1.43,0.16,0.64,7.37,2.1,3.83,45,0.8,16,30,243,27,0.22,0.017,0.243,0.6,57,0.064,0.069,0.418,0.147,0.209,18,0,18,18,17.1,0,1116,56,0,0,670,0,20,329,0.11,0,0,38.2,0.021,0.012,0.08,89,1 cup chopped,70,1 cup shredded,,,,
CABBAGE SAVOY,2,,91,27,2,0.1,0.8,6.1,3.1,2.27,35,0.4,28,42,230,28,0.27,0.062,0.18,0.9,31,0.07,0.03,0.3,0.187,0.19,80,0,80,80,12.3,0,1000,50,0,0,600,0,0,77,0.17,0,0,68.8,0.013,0.007,0.049,70,1 cup shredded,,,,,,
CARAMBOLA (STARFRUIT),1,,91.38,31,1.04,0.33,0.52,6.73,2.8,3.98,3,0.08,10,12,133,2,0.12,0.137,0.037,0.6,34.4,0.014,0.016,0.367,0.391,0.017,12,0,12,12,7.6,0,61,3,0,24,25,0,0,66,0.15,0,0,0,0.019,0.03,0.184,132,1 cup cubes,108,1 cup sliced,,,,
CARDOON,2,,94,17,0.7,0.1,1.13,4.07,1.6,,70,0.7,42,23,400,170,0.17,0.231,0.256,0.2,2,0.02,0.03,0.3,0.338,0.116,68,0,68,68,,0,0,0,0,,,,,,,0,0,,0.011,0.018,0.041,178,1 cup shredded,,,,,,
CARROTS,2,,88.29,41,0.93,0.24,0.97,9.58,2.8,4.74,33,0.3,12,35,320,69,0.24,0.045,0.143,0.1,5.9,0.066,0.058,0.983,0.273,0.138,19,0,19,19,8.8,0,16706,835,0,3477,8285,0,1,256,0.66,0,0,13.2,0.037,0.014,0.117,128,1 cup chopped,50,1 small (5” long),72,1 large (8’’ long),61,1 medium
CARROTS BABY,2,,90.35,35,0.64,0.13,0.63,8.24,2.9,4.76,32,0.89,10,28,237,78,0.17,0.1,0.151,0.9,2.6,0.03,0.036,0.556,0.401,0.105,27,0,27,27,7.5,0,13790,690,0,3767,6391,0,0,358,,0,0,9.4,0.023,0.007,0.065,10,1 small,,,,,,
CASSAVA,1,,59.68,160,1.36,0.28,0.62,38.06,1.8,1.7,16,0.27,21,27,271,14,0.34,0.1,0.384,0.7,20.6,0.087,0.048,0.854,0.107,0.088,27,0,27,27,23.7,0,13,1,0,0,8,0,0,0,0.19,0,0,1.9,0.074,0.075,0.048,206,1 cup,408,1 root,,,,
CAULIFLOWER,2,,92.07,25,1.92,0.28,0.76,4.97,2,1.91,22,0.42,15,44,299,30,0.27,0.039,0.155,0.6,48.2,0.05,0.06,0.507,0.667,0.184,57,0,57,57,44.3,0,0,0,0,0,0,0,0,1,0.08,0,0,15.5,0.13,0.034,0.031,107,1 cup chopped,13,1 floweret,,,,
CAULIFLOWER GREEN,2,,89.79,31,2.95,0.3,0.88,6.09,3.2,3.03,33,0.73,20,62,300,23,0.64,0.041,0.247,0.6,88.1,0.08,0.102,0.734,0.696,0.222,57,0,57,57,57.1,0,155,8,0,0,93,0,0,42,0.04,0,0,20.2,0.047,0.028,0.133,64,1 cup chopped,25,1 floweret,,,,
CELERIAC,2,,88,42,1.5,0.3,1,9.2,1.8,1.6,43,0.7,20,115,300,100,0.33,0.07,0.158,0.7,8,0.05,0.06,0.7,0.352,0.165,8,0,8,8,9,0,0,0,0,0,0,0,0,1,0.36,0,0,41,0.079,0.058,0.148,156,1 cup,,,,,,
CELERY,2,,95.43,16,0.69,0.17,0.75,2.97,1.6,1.34,40,0.2,11,24,260,80,0.13,0.035,0.103,0.4,3.1,0.021,0.057,0.32,0.246,0.074,36,0,36,36,6.1,0,449,22,0,0,270,0,0,283,0.27,0,0,29.3,0.042,0.032,0.079,101,1 cup chopped,64,1 stalk large (11’’ long),40,1 stalk medium(8” long),17,1 stalk small (5” long)
CELTUCE,2,,94.5,18,0.85,0.3,0.7,3.65,1.7,,39,0.55,28,39,330,11,0.27,0.04,0.688,0.9,19.5,0.055,0.07,0.55,0.183,0.05,46,0,46,46,,0,3500,175,0,,,,,,,0,0,,,,,8,1 leaf,,,,,,
CHARD SWISS,2,,92.66,19,1.8,0.2,1.6,3.74,1.6,1.1,51,1.8,81,46,379,213,0.36,0.179,0.366,0.9,30,0.04,0.09,0.4,0.172,0.099,14,0,14,14,18,0,6116,306,0,45,3647,0,0,11000,1.89,0,0,830,0.03,0.04,0.07,36,1 cup,48,1 leaf,,,,
CHAYOTE,2,,94.24,19,0.82,0.13,0.3,4.51,1.7,1.66,17,0.34,12,18,125,2,0.74,0.123,0.189,0.2,7.7,0.025,0.029,0.47,0.249,0.076,93,0,93,93,9.2,0,0,0,0,0,0,0,0,0,0.12,0,0,4.1,0.028,0.01,0.057,132,"1 cup  (1"" pieces)",203,1 medium ,,,,
CHERIMOYA,1,,79.39,75,1.57,0.68,0.65,17.71,3,12.87,10,0.27,17,26,287,7,0.16,0.069,0.093,,12.6,0.101,0.131,0.644,0.345,0.257,23,0,23,23,,0,5,0,0,0,2,1,0,6,0.27,,,,0.233,0.055,0.188,160,1 cup pieces,235,1 fruit without skin and seeds,,,,
CHERRIES SOUR RED,1,,86.13,50,1,0.3,0.4,12.18,1.6,8.49,16,0.32,9,15,173,3,0.1,0.104,0.112,0,10,0.03,0.04,0.4,0.143,0.044,8,0,8,8,6.1,0,1283,64,0,0,770,0,0,85,0.07,0,0,2.1,0.068,0.082,0.09,155,1 cup without pits,103,1 cup with pits yields,,,,
CHERRIES SWEET,1,,82.25,63,1.06,0.2,0.48,16.01,2.1,12.82,13,0.36,11,21,222,0,0.07,0.06,0.07,0,7,0.027,0.033,0.154,0.199,0.049,4,0,4,4,6.1,0,64,3,0,0,38,0,0,85,0.07,0,0,2.1,0.038,0.047,0.052,138,1 cup with pits yields,154,1 cup without pits,,,,
CHESTNUTS CHINESE,3,,43.95,224,4.2,1.11,1.67,49.07,,,18,1.41,84,96,447,3,0.87,0.363,1.601,,36,0.16,0.18,0.8,0.555,0.41,68,0,68,68,,0,202,10,0,,,,,,,0,0,,0.164,0.581,0.288,28.35,1 oz,,,,,,
CHESTNUTS EUROPEAN PEELED,3,,52,196,1.63,1.25,0.96,44.17,,,19,0.94,30,38,484,2,0.49,0.418,0.336,,40.2,0.144,0.016,1.102,0.476,0.352,58,0,58,58,,0,26,1,0,,,,,,,0,0,,0.235,0.43,0.493,28.35,1 oz,,,,,,
CHICORY GREENS,2,,92,23,1.7,0.3,1.3,4.7,4,0.7,100,0.9,30,47,420,45,0.42,0.295,0.429,0.3,24,0.06,0.1,0.5,1.159,0.105,110,0,110,110,12.8,0,5717,286,0,0,3430,0,0,10300,2.26,0,0,297.6,0.073,0.006,0.131,29,1 cup chopped,,,,,,
CHIVES,3,,90.65,30,3.27,0.73,1,4.35,2.5,1.85,92,1.6,42,58,296,3,0.56,0.157,0.373,0.9,58.1,0.078,0.115,0.647,0.324,0.138,105,0,105,105,5.2,0,4353,218,0,0,2612,0,0,323,0.21,0,0,212.7,0.146,0.095,0.267,3,1 tbsp chopped,1,1 tsp chopped,,,,
CHOKECHERRIES PITTED,1,,60.72,162,3.04,1.69,0.93,33.62,20,9.37,60,0.69,27,67,379,5,0.33,0.186,0.417,,5.5,0.034,0.173,0.628,0.398,0.198,2,,2,,10.7,,168,8,,2,90,19,0,347,0.35,,,21.1,,,,154,1 cup,,,,,,
CLEMENTINES,1,,86.58,47,0.85,0.15,0.4,12.02,1.7,9.18,30,0.14,10,21,177,1,0.06,0.043,0.023,0.1,48.8,0.086,0.03,0.636,0.151,0.075,24,0,24,24,14,,,,,,,,,,0.2,0,0,0,,,,74,1 fruit,,,,,,
COCONUT MEAT,3,,46.99,354,3.33,33.49,0.97,15.23,9,6.23,14,2.43,32,113,356,20,1.1,0.435,1.5,10.1,3.3,0.066,0.02,0.54,0.3,0.054,26,0,26,26,12.1,0,0,0,0,0,0,0,0,0,0.24,0,0,0.2,29.698,1.425,0.366,80,1 cup shredded,397,1 medium,,,,
COLLARDS,2,,89.62,32,3.02,0.61,1.32,5.42,4,0.46,232,0.47,27,25,213,17,0.21,0.046,0.658,1.3,35.3,0.054,0.13,0.742,0.267,0.165,129,0,129,129,23.2,0,5019,251,0,14,2991,28,0,4323,2.26,0,0,437.1,0.055,0.03,0.201,36,1 cup chopped,,,,,,
CORIANDER (CILANTRO) LEAVES,2,,92.21,23,2.13,0.52,1.47,3.67,2.8,0.87,67,1.77,26,48,521,46,0.5,0.225,0.426,0.9,27,0.067,0.162,1.114,0.57,0.149,62,0,62,62,12.8,0,6748,337,0,36,3930,202,0,865,2.5,0,0,310,0.014,0.275,0.04,16,1 cup,20,9 sprigs,,,,
CRABAPPLES,1,,78.94,76,0.4,0.3,0.42,19.95,,,18,0.36,7,15,194,1,,0.067,0.115,,8,0.03,0.02,0.1,,,,,,,,0,40,2,0,,,,,,,,,,0.048,0.012,0.088,110,1 cup slices,,,,,,
CRANBERRIES,1,,87.32,46,0.46,0.13,0.12,11.97,3.6,4.27,8,0.23,6,11,80,2,0.09,0.056,0.267,0.1,14,0.012,0.02,0.101,0.295,0.057,1,0,1,1,5.5,0,63,3,0,0,38,0,0,91,1.32,0,0,5,0.008,0.018,0.055,110,1 cup chopped,100,1 cup whole,,,,
CUCUMBER PEELED,2,,96.73,12,0.59,0.16,0.36,2.16,0.7,1.38,14,0.22,12,21,136,2,0.17,0.071,0.073,0.1,3.2,0.031,0.025,0.037,0.24,0.051,14,0,14,14,5.7,0,72,4,0,8,31,18,0,16,0.03,0,0,7.2,0.013,0.002,0.003,208,"1 cucumber  (8"" long)",158,1 cucmber small (6” long),,,,
CUCUMBER WITH PEEL,2,,95.23,15,0.65,0.11,0.38,3.63,0.5,1.67,16,0.28,13,24,147,2,0.2,0.041,0.079,0.3,2.8,0.027,0.033,0.098,0.259,0.04,7,0,7,7,6,0,105,5,0,11,45,26,0,23,0.03,0,0,16.4,0.037,0.005,0.032,301,"1 cucumber  (8"" long)",,1 cucmber small (6” long),,,,
CURRANTS EUROPEAN BLACK,1,,81.96,63,1.4,0.41,0.86,15.38,,,55,1.54,24,59,322,2,0.27,0.086,0.256,,181,0.05,0.05,0.3,0.398,0.066,,,,,,0,230,12,0,,,,,,1,,,,0.034,0.058,0.179,112,1 cup,,,,,,
CURRANTS RED&WHITE,1,,83.95,56,1.4,0.2,0.66,13.8,4.3,7.37,33,1,13,44,275,1,0.23,0.107,0.186,0.6,41,0.04,0.05,0.1,0.064,0.07,8,0,8,8,7.6,0,42,2,0,0,25,0,0,47,0.1,0,0,11,0.017,0.028,0.088,112,1 cup,,,,,,
DANDELION GREENS,2,,85.6,45,2.7,0.7,1.8,9.2,3.5,0.71,187,3.1,36,66,397,76,0.41,0.171,0.342,0.5,35,0.19,0.26,0.806,0.084,0.251,27,0,27,27,35.3,0,10161,508,0,363,5854,121,0,13610,3.44,0,0,778.4,0.17,0.014,0.306,55,1 cup chopped,,,,,,
EGGPLANT,2,,92.3,25,0.98,0.18,0.66,5.88,3,3.53,9,0.23,14,24,229,2,0.16,0.081,0.232,0.3,2.2,0.039,0.037,0.649,0.281,0.084,22,0,22,22,6.9,0,23,1,0,0,14,0,0,36,0.3,0,0,3.5,0.034,0.016,0.076,82,1 cup cubes,431,1 eggplant peeled (yield from 1 lb),515,1 eggplant unpeeled (yield from 1 lb),,
ELDERBERRIES,1,,79.8,73,0.66,0.5,0.64,18.4,7,,38,1.6,5,39,280,6,0.11,0.061,,0.6,36,0.07,0.06,0.5,0.14,0.23,6,0,6,6,,0,600,30,0,,,,,,,,,,0.023,0.08,0.247,145,1 cup,,,,,,
ENDIVE,2,,93.79,17,1.25,0.2,1.41,3.35,3.1,0.25,52,0.83,15,28,314,22,0.79,0.099,0.42,0.2,6.5,0.08,0.075,0.4,0.9,0.02,142,0,142,142,16.8,0,2167,108,0,0,1300,0,0,0,0.44,0,0,231,0.048,0.004,0.087,50,1 cup chopped,513,1 head,,,,
FEIJOA,1,,83.28,61,0.71,0.42,0.38,15.21,6.4,8.2,17,0.14,9,19,172,3,0.06,0.036,0.084,,32.9,0.006,0.018,0.295,0.233,0.067,23,0,23,23,,0,6,0,0,0,2,3,5,27,0.16,,,3.5,0.104,0.056,0.136,410,1 cup chopped,42,1 fruit without peel,,,,
FENNEL BULB,2,,90.21,31,1.24,0.2,1.05,7.3,3.1,3.93,49,0.73,17,50,414,52,0.2,0.066,0.191,0.7,12,0.01,0.032,0.64,0.232,0.047,27,0,27,27,13.2,0,963,48,0,0,578,0,0,607,0.58,0,0,62.8,0.09,0.068,0.169,87,1 cup sliced,234,1 bulb,,,,
FIGS,1,,79.11,74,0.75,0.3,0.66,19.18,2.9,16.26,35,0.37,17,14,232,1,0.15,0.07,0.128,0.2,2,0.06,0.05,0.4,0.3,0.113,6,0,6,6,4.7,0,142,7,0,0,85,0,0,9,0.11,0,0,4.7,0.06,0.066,0.144,64,"1 large  (2.5"" dia)",50,"1 medium  (2"" dia)",,,,
GARLIC,2,,58.58,149,6.36,0.5,1.5,33.06,2.1,1,181,1.7,25,153,401,17,1.16,0.299,1.672,14.2,31.2,0.2,0.11,0.7,0.596,1.235,3,0,3,3,23.2,0,9,0,0,0,5,0,0,16,0.08,0,0,1.7,0.089,0.011,0.249,136,1 cup,2.8,1 tsp,,,,
GINGER ROOT,2,,78.89,80,1.82,0.75,0.77,17.77,2,1.7,16,0.6,43,34,415,13,0.34,0.226,0.229,0.7,5,0.025,0.034,0.75,0.203,0.16,11,0,11,11,28.8,0,0,0,0,0,0,0,0,0,0.26,0,0,0.1,0.203,0.154,0.154,2,1 tsp,96,"1 cup slices (1"" dia)",,,,
GOOSEBERRIES,1,,87.87,44,0.88,0.58,0.49,10.18,4.3,,25,0.31,10,27,198,1,0.12,0.07,0.144,0.6,27.7,0.04,0.03,0.3,0.286,0.08,6,0,6,6,,0,290,15,0,,,,,,0.37,,,,0.038,0.051,0.317,150,1 cup,,,,,,
GRAPEFRUIT PINK&RED,1,,88.06,42,0.77,0.14,0.36,10.66,1.6,6.89,22,0.08,9,18,135,0,0.07,0.032,0.022,0.1,31.2,0.043,0.031,0.204,0.262,0.053,13,0,13,13,7.7,0,1150,58,0,3,686,6,1419,5,0.13,0,0,0,0.021,0.02,0.036,230,1 cup sections,246,1 medium (3” dia),,,,
GRAPEFRUIT WHITE,1,,90.48,33,0.69,0.1,0.33,8.41,1.1,7.31,12,0.06,9,8,148,0,0.07,0.05,0.013,1.4,33.3,0.037,0.02,0.269,0.283,0.043,10,0,10,10,7.7,0,33,2,0,8,14,3,0,10,0.13,0,0,0,0.014,0.013,0.024,230,1 cup sections,236,1 medium (3” dia),,,,
GRAPES  MUSCADINE,1,,84.29,57,0.81,0.47,0.5,13.93,3.9,,37,0.26,14,24,203,1,0.11,0.119,1.973,,6.5,,1.5,,,,2,,2,,,,67,3,,1,39,1,0,64,,,,,,,,6,1 grape,,,,,,
GRAPES RED OR GRN ,1,,80.54,69,0.72,0.16,0.48,18.1,0.9,15.48,10,0.36,7,20,191,2,0.07,0.127,0.071,0.1,3.2,0.069,0.07,0.188,0.05,0.086,2,0,2,2,5.6,0,66,3,0,1,39,0,0,72,0.19,0,0,14.6,0.054,0.007,0.048,151,1 cup,49,10 grapes,,,,
GUAVAS COMMON,1,,80.8,68,2.55,0.95,1.39,14.32,5.4,8.92,18,0.26,22,40,417,2,0.23,0.23,0.15,0.6,228.3,0.067,0.04,1.084,0.451,0.11,49,0,49,49,7.6,0,624,31,0,0,374,0,5204,0,0.73,0,0,2.6,0.272,0.087,0.401,165,1 cup,55,1 fruit,,,,
JACKFRUIT,1,,73.46,95,1.72,0.64,0.94,23.25,1.5,19.08,24,0.23,29,21,448,2,0.13,0.076,0.043,,13.7,0.105,0.055,0.92,0.235,0.329,24,0,24,24,,0,110,5,0,6,61,5,0,157,0.34,,,,0.195,0.155,0.094,151,1 cup chopped,,,,,,
KALE,2,,84.04,49,4.28,0.93,2.01,8.75,3.6,2.26,150,1.47,47,92,491,38,0.56,1.499,0.659,0.9,120,0.11,0.13,1,0.091,0.271,141,0,141,141,0.8,0,9990,500,0,54,5927,81,0,8198,1.54,0,0,704.8,0.091,0.052,0.338,16,1 cup pieces loosely packed,350,1 bunch,35,1 leaf,,
KALE SCOTCH,2,,87,42,2.8,0.6,1.28,8.32,1.7,,205,3,88,62,450,70,0.37,0.243,0.648,0.9,130,0.07,0.06,1.3,0.076,0.227,28,0,28,28,,0,3100,155,0,,,,,,,0,0,,0.078,0.045,0.289,67,1 cup chopped,,,,,,
KIWIFRUIT GRN,1,,83.07,61,1.14,0.52,0.61,14.66,3,8.99,34,0.31,17,34,312,3,0.14,0.13,0.098,0.2,92.7,0.027,0.025,0.341,0.183,0.063,25,0,25,25,7.8,0,87,4,0,0,52,0,0,122,1.46,0,0,40.3,0.029,0.047,0.287,180,1 cup sliced,69,"1 fruit  (2"" dia)",,,,
KIWIFRUIT ZESPRI SUNGOLD,1,,82.44,63,1.02,0.28,0.47,15.79,1.4,12.3,17,0.21,12,25,315,3,0.08,0.151,0.048,0.4,161.3,0,0.074,0.231,0.12,0.079,31,0,31,31,1.9,0.08,23,1,0,0,14,,0,24,1.4,0,0,6.1,0.065,0.023,0.111,81,1 fruit,,,,,,
KOHLRABI,2,,91,27,1.7,0.1,1,6.2,3.6,2.6,24,0.4,19,46,350,20,0.03,0.129,0.139,0.7,62,0.05,0.02,0.4,0.165,0.15,16,0,16,16,12.3,0,36,2,0,0,22,0,0,0,0.48,0,0,0.1,0.013,0.007,0.048,135,1 cup,16,1 slice,,,,
KUMQUATS,1,,80.85,71,1.88,0.86,0.52,15.9,6.5,9.36,62,0.86,20,19,186,10,0.17,0.095,0.135,0,43.9,0.037,0.09,0.429,0.208,0.036,17,0,17,17,8.4,0,290,15,0,155,0,193,0,129,0.15,0,0,0,0.103,0.154,0.171,19,1 fruit without seeds,,,,,,
LEEKS (BULB&LOWER LEAF PORTION),2,,83,61,1.5,0.3,1.05,14.15,1.8,3.9,59,2.1,28,35,180,20,0.12,0.12,0.481,1,12,0.06,0.03,0.4,0.14,0.233,64,0,64,64,9.5,0,1667,83,0,0,1000,0,0,1900,0.92,0,0,47,0.04,0.004,0.166,89,1 cup,89,1 leek,,,,
LEMON GRASS (CITRONELLA),2,,70.58,99,1.82,0.49,1.8,25.31,,,65,8.17,60,101,723,6,2.23,0.266,5.224,0.7,2.6,0.065,0.135,1.101,0.05,0.08,75,0,75,75,,0,6,0,0,0,3,0,,,,0,0,,0.119,0.054,0.17,67,1 cup,4.8,1 tbsp,,,,
LEMON PEEL,1,,81.6,47,1.5,0.3,0.6,16,10.6,4.17,134,0.8,15,12,160,6,0.25,0.092,,0.7,129,0.06,0.08,0.4,0.319,0.172,13,0,13,13,8.5,0,50,3,0,1,7,45,0,18,0.25,0,0,0,0.039,0.011,0.089,6,1 tbsp,2,1 tsp,,,,
LEMONS WITHOUT PEEL,1,,88.98,29,1.1,0.3,0.3,9.32,2.8,2.5,26,0.6,8,16,138,2,0.06,0.037,0.03,0.4,53,0.04,0.02,0.1,0.19,0.08,11,0,11,11,5.1,0,22,1,0,1,3,20,0,11,0.15,0,0,0,0.039,0.011,0.089,212,1 cup sections,58,"1 medium (2"" dia)",,,,
LETTUCE BUTTERHEAD (INCL BOSTON),2,,95.63,13,1.35,0.22,0.57,2.23,1.1,0.94,35,1.24,13,33,238,5,0.2,0.016,0.179,0.6,3.7,0.057,0.062,0.357,0.15,0.082,73,0,73,73,8.4,0,3312,166,0,0,1987,0,0,1223,0.18,0,0,102.3,0.029,0.008,0.117,55,1 cup shredded or chopped,163,"1 head (5"" dia)",5,1 leaf,,
LETTUCE COS OR ROMAINE,2,,94.61,17,1.23,0.3,0.58,3.29,2.1,1.19,33,0.97,14,30,247,8,0.23,0.048,0.155,0.4,4,0.072,0.067,0.313,0.142,0.074,136,0,136,136,9.9,0,8710,436,0,0,5226,0,0,2312,0.13,0,0,102.5,0.039,0.012,0.16,47,1 cup shredded,626,1head,,,,
LETTUCE GRN LEAF,2,,94.98,15,1.36,0.15,0.62,2.87,1.3,0.78,36,0.86,13,29,194,28,0.18,0.029,0.25,0.6,9.2,0.07,0.08,0.375,0.134,0.09,38,0,38,38,13.6,0,7405,370,0,0,4443,0,0,1730,0.22,0,0,126.3,0.02,0.006,0.082,36,1 cup shredded,360,1 head,,,,
LETTUCE ICEBERG (INCL CRISPHEAD TYPES),2,,95.64,14,0.9,0.14,0.36,2.97,1.2,1.97,18,0.41,7,20,141,10,0.15,0.025,0.125,0.1,2.8,0.041,0.025,0.123,0.091,0.042,29,0,29,29,6.7,0,502,25,0,4,299,0,0,277,0.18,0,0,24.1,0.018,0.006,0.074,72,1 cup shredded,536,"1 head (6"" dia)",,,,
LETTUCE RED LEAF,2,,95.64,16,1.33,0.22,0.55,2.26,0.9,0.48,33,1.2,12,28,187,25,0.2,0.028,0.203,1.5,3.7,0.064,0.077,0.321,0.144,0.1,36,0,36,36,11.8,0,7492,375,0,0,4495,0,0,1724,0.15,0,0,140.3,0.017,0.005,0.072,28,1 cup shredded,309,1 head,,,,
LIMES,1,,88.26,30,0.7,0.2,0.3,10.54,2.8,1.69,33,0.6,6,18,102,2,0.11,0.065,0.008,0.4,29.1,0.03,0.02,0.2,0.217,0.043,8,0,8,8,5.1,0,50,2,0,0,30,0,0,0,0.22,0,0,0.6,0.022,0.019,0.055,67,"1 fruit  (2"" dia)",,,,,,
LITCHIS,1,,81.76,66,0.83,0.44,0.44,16.53,1.3,15.23,5,0.31,10,31,171,1,0.07,0.148,0.055,0.6,71.5,0.011,0.065,0.603,,0.1,14,0,14,14,7.1,0,0,0,0,0,0,0,0,0,0.07,0,0,0.4,0.099,0.12,0.132,190,1 cup,9.6,1 fruit ,,,,
LONGANS,1,,82.75,60,1.31,0.1,0.7,15.14,1.1,,1,0.13,10,21,266,0,0.05,0.169,0.052,,84,0.031,0.14,0.3,,,,,,,,0,,,,,,,,,,,,,,,,3.2,1 fruit without pit,,,,,,
LOQUATS,1,,86.73,47,0.43,0.2,0.5,12.14,1.7,,16,0.28,13,27,266,1,0.05,0.04,0.148,0.6,1,0.019,0.024,0.18,,0.1,14,0,14,14,,0,1528,76,0,,,,,,,,,,0.04,0.008,0.091,149,1 cup cubed,20,1 large,,,,
LOTUS ROOT,2,,79.1,74,2.6,0.1,0.97,17.23,4.9,,45,1.16,23,100,556,40,0.39,0.257,0.261,0.7,44,0.16,0.22,0.4,0.377,0.258,13,0,13,13,,0,0,0,0,0,0,0,0,0,,0,0,,0.03,0.02,0.02,81,10 slices  (2” dia),115,1 root  (9”long),,,,
MANGOS,1,,83.46,60,0.82,0.38,0.36,14.98,1.6,13.66,11,0.16,10,14,168,1,0.09,0.111,0.063,0.6,36.4,0.028,0.038,0.669,0.197,0.119,43,0,43,43,7.6,0,1082,54,0,9,640,10,3,23,0.9,0,0,4.2,0.092,0.14,0.071,165,1 cup pieces,336,1 fruit peeled,,,,
MELONS CANTALOUPE,1,,90.15,34,0.84,0.19,0.65,8.16,0.9,7.86,9,0.21,12,15,267,16,0.18,0.041,0.041,0.4,36.7,0.041,0.019,0.734,0.105,0.072,21,0,21,21,7.6,0,3382,169,0,16,2020,1,0,26,0.05,0,0,2.5,0.051,0.003,0.081,177,1 cup balls,160,1 cup cubes,,,,
MELONS CASABA,1,,91.85,28,1.11,0.1,0.36,6.58,0.9,5.69,11,0.34,11,5,182,9,0.07,0.06,0.035,0.4,21.8,0.015,0.031,0.232,0.084,0.163,8,0,8,8,7.6,0,0,0,0,0,0,0,0,26,0.05,0,0,2.5,0.025,0.002,0.039,170,1 cup cubes,1640,1 melon,,,,
MELONS HONEYDEW,1,,89.82,36,0.54,0.14,0.41,9.09,0.8,8.12,6,0.17,10,11,228,18,0.09,0.024,0.027,0.7,18,0.038,0.012,0.418,0.155,0.088,19,0,19,19,7.6,0,50,3,0,0,30,0,0,27,0.02,0,0,2.9,0.038,0.003,0.059,170,1 cup diced ,177,1 cup balls,,,,
MULBERRIES,1,,87.68,43,1.44,0.39,0.69,9.8,1.7,8.1,39,1.85,18,38,194,10,0.12,0.06,,0.6,36.4,0.029,0.101,0.62,,0.05,6,0,6,6,12.3,0,25,1,0,12,9,0,0,136,0.87,0,0,7.8,0.027,0.041,0.207,140,1 cup,15,10 fruit,,,,
MUSTARD GREENS,2,,90.7,27,2.86,0.42,1.36,4.67,3.2,1.32,115,1.64,32,58,384,20,0.25,0.165,,0.9,70,0.08,0.11,0.8,0.21,0.18,12,0,12,12,0.5,0,3024,151,0,10,1790,40,0,3730,2.01,0,0,257.5,0.01,0.092,0.038,56,1 cup chopped,,,,,,
MUSTARD SPINACH,2,,92.2,22,2.2,0.3,1.4,3.9,2.8,,210,1.5,11,28,449,21,0.17,0.075,0.407,0.8,130,0.068,0.093,0.678,0.178,0.153,159,0,159,159,,0,9900,495,0,,,,,,,0,0,,0.015,0.138,0.057,150,1 cup chopped,,,,,,
NECTARINES,1,,87.59,44,1.06,0.32,0.48,10.55,1.7,7.89,6,0.28,9,26,201,0,0.17,0.086,0.054,0,5.4,0.034,0.027,1.125,0.185,0.025,5,0,5,5,6.2,0,332,17,0,0,150,98,0,130,0.77,0,0,2.2,0.025,0.088,0.113,143,1 cup slices,129,1 small  ,,,,
NOPALES,2,,94.12,16,1.32,0.09,1.14,3.33,2.2,1.15,164,0.59,52,16,257,21,0.25,0.052,0.457,0.7,9.3,0.012,0.041,0.41,0.167,0.07,3,0,3,3,7.3,0,457,23,0,48,250,0,0,0,0,0,0,5.3,0.016,0.018,0.05,86,1 cup sliced,,,,,,
OHELOBERRIES,1,,92.3,28,0.38,0.22,0.26,6.84,,,7,0.09,6,10,38,1,,,,,6,0.017,0.036,0.27,,,,,,,,0,830,42,0,,,,,,,,,,,,,140,1 cup,11,10 fruit,,,,
OKRA,2,,89.58,33,1.93,0.19,0.86,7.45,3.2,1.48,82,0.62,57,61,299,7,0.58,0.109,0.788,0.7,23,0.2,0.06,1,0.245,0.215,60,0,60,60,12.3,0,716,36,0,27,416,0,0,280,0.27,0,0,31.3,0.026,0.017,0.027,100,1 cup,95,"8 pods  (3"" long)",,,,
ONIONS,2,,89.11,40,1.1,0.1,0.35,9.34,1.7,4.24,23,0.21,10,29,146,4,0.17,0.039,0.129,0.5,7.4,0.046,0.027,0.116,0.123,0.12,19,0,19,19,6.1,0,2,0,0,0,1,0,0,4,0.02,0,0,0.4,0.042,0.013,0.017,160,1 cup chopped,115,1 cup sliced,,,,
ONIONS SPRING OR SCALLIONS (INCL TOPS BULB),2,,89.83,32,1.83,0.19,0.81,7.34,2.6,2.33,72,1.48,20,37,276,16,0.39,0.083,0.16,0.6,18.8,0.055,0.08,0.525,0.075,0.061,64,0,64,64,5.7,0,997,50,0,0,598,0,0,1137,0.55,0,0,207,0.032,0.027,0.074,100,1 cup chopped,6,1 tbsp chopped,,,,
ONIONS SWT,2,,91.24,32,0.8,0.08,0.34,7.55,0.9,5.02,20,0.26,9,27,119,8,0.13,0.056,0.076,0.5,4.8,0.041,0.02,0.133,0.098,0.13,23,,23,,5.5,,1,0,,0,1,0,0,6,0.02,0,0,0.3,,,,331,1 onion,,,,,,
ORANGES ALL COMM VAR,1,,86.75,47,0.94,0.12,0.44,11.75,2.4,9.35,40,0.1,10,14,181,0,0.07,0.045,0.025,0.5,53.2,0.087,0.04,0.282,0.25,0.06,30,0,30,30,8.4,0,225,11,0,11,71,116,0,129,0.18,0,0,0,0.015,0.023,0.025,180,1 cup sections,184,"1 large  (3"" dia)",,,,
ORANGES CALIFORNIA VALENCIAS,1,,86.34,49,1.04,0.3,0.42,11.89,2.5,,40,0.09,10,17,179,0,0.06,0.037,0.023,,48.5,0.087,0.04,0.274,0.25,0.063,39,0,39,39,,0,230,12,0,,,,,,,0,0,,0.035,0.055,0.06,180,1 cup sections without membranes,121,"1 large  (3"" dia)",,,,
ORANGES FLORIDA,1,,87.14,46,0.7,0.21,0.41,11.54,2.4,9.14,43,0.09,10,12,169,0,0.08,0.039,0.024,0.5,45,0.1,0.04,0.4,0.25,0.051,17,0,17,17,8.4,0,225,11,0,11,71,116,0,129,0.18,0,0,0,0.025,0.039,0.042,185,1 cup sections without membranes,141,"1 large  (3"" dia)",,,,
ORANGES NAVELS,1,,85.97,49,0.91,0.15,0.43,12.54,2.2,8.5,43,0.13,11,23,166,1,0.08,0.039,0.029,0,59.1,0.068,0.051,0.425,0.261,0.079,34,0,34,34,8.4,0,247,12,0,7,87,116,0,129,0.15,0,0,0,0.017,0.03,0.031,165,1 cup sections without membranes,140,"1 large  (3"" dia)",,,,
ORANGES WITH PEEL,1,,82.3,63,1.3,0.3,0.6,15.5,4.5,,70,0.8,14,22,196,2,0.11,0.057,,0.7,71,0.1,0.05,0.5,0.33,0.093,30,0,30,30,,0,250,13,0,,,,,,,,,,0.035,0.055,0.06,170,1 cup,159,1 fruit ,,,,
PAPAYAS,1,,88.06,43,0.47,0.26,0.39,10.82,1.7,7.82,20,0.25,21,10,182,8,0.08,0.045,0.04,0.6,60.9,0.023,0.027,0.357,0.191,0.038,37,0,37,37,6.1,0,950,47,0,2,274,589,1828,89,0.3,0,0,2.6,0.081,0.072,0.058,145,"1 cup 1"" pieces",157,1 fruit small,781,1 fruit large,,
PARSNIPS,2,,79.53,75,1.2,0.3,0.98,17.99,4.9,4.8,36,0.59,29,71,375,10,0.59,0.12,0.56,1.8,17,0.09,0.05,0.7,0.6,0.09,67,0,67,67,,0,0,0,0,0,0,0,0,0,1.49,0,0,22.5,0.05,0.112,0.047,133,1 cup slices,,,,,,
PASSION-FRUIT,2,,72.93,97,2.2,0.7,0.8,23.38,10.4,11.2,12,1.6,29,68,348,28,0.1,0.086,,0.6,30,0,0.13,1.5,,0.1,14,0,14,14,7.6,0,1272,64,0,0,743,41,0,0,0.02,0,0,0.7,0.059,0.086,0.411,236,1 cup,18,"1 fruit, without pit",,,,
PEACHES YEL,1,,88.87,39,0.91,0.25,0.43,9.54,1.5,8.39,6,0.25,9,20,190,0,0.17,0.068,0.061,0.1,6.6,0.024,0.031,0.806,0.153,0.025,4,0,4,4,6.1,0,326,16,0,0,162,67,0,91,0.73,0,0,2.6,0.019,0.067,0.086,154,1 cup slices,130,"1 small  (2-1/2"" dia)",,,,
PEARS,1,,83.96,57,0.36,0.14,0.32,15.23,3.1,9.75,9,0.18,7,12,116,1,0.1,0.082,0.048,0.1,4.3,0.012,0.026,0.161,0.049,0.029,7,0,7,7,5.1,0,25,1,0,1,14,2,0,44,0.12,0,0,4.4,0.022,0.084,0.094,140,1 cup slices,161,1 cup cubes,,,,
PEARS ASIAN,1,,88.25,42,0.5,0.23,0.37,10.65,3.6,7.05,4,0,8,11,121,0,0.02,0.05,0.06,0.1,3.8,0.009,0.01,0.219,0.07,0.022,8,0,8,8,5.1,0,0,0,0,0,0,0,0,50,0.12,0,0,4.5,0.012,0.049,0.055,122,1 fruit  small,275,1 fruit large,,,,
PEARS BARTLETT,1,,84.14,63,0.39,0.16,0.3,15.01,3.1,9.69,9,0.19,6,11,101,1,0.08,0.078,0.037,0.1,4.4,0.012,0.026,0.164,0.042,0.026,6,,6,,5.1,,28,1,,2,14,3,0,51,0.12,,,3.8,,,,140,1 cup sliced,152,1 small,,,,
PEARS BOSC,1,,83.18,67,0.36,0.09,0.28,16.1,3.1,10.23,10,0.15,7,14,122,1,0.13,0.104,0.047,0,2.8,0.012,0.023,0.152,0.057,0.021,7,,7,,5.1,,19,1,,0,11,0,0,11,0.12,,,5.2,,,,140,1 cup sliced,159,1 small,,,,
PEARS GRN ANJOU,1,,83.31,66,0.44,0.1,0.37,15.79,3.1,9.73,11,0.24,7,13,127,1,0.1,0.077,0.048,0,4.4,0.01,0.022,0.151,0.043,0.026,9,,9,,5.1,,25,1,,0,14,1,0,46,0.12,,,4.3,,,,140,1 cup sliced,172,1 small,,,,
PEARS RED ANJOU,1,,84.24,62,0.33,0.14,0.35,14.94,3,9.54,11,0.19,7,13,123,1,0.13,0.07,0.056,0.1,5.2,0.012,0.028,0.162,0.053,0.039,7,,7,,5.1,,24,1,,0,14,1,0,53,0.12,,,4.9,,,,126,1 small,157,1 medium,,,,
PEPPER BANANA,2,,91.81,27,1.66,0.45,0.73,5.35,3.4,1.95,14,0.46,17,32,256,13,0.25,0.094,0.1,0.3,82.7,0.081,0.054,1.242,0.265,0.357,29,0,29,29,7.4,0,340,17,0,39,184,0,0,0,0.69,0,0,9.5,0.048,0.027,0.243,124,1 cup,33,"1 small  (4"" long)",,,,
PEPPER RED OR CAYENNE,3,,8.05,318,12.01,17.27,6.04,56.63,27.2,10.34,148,7.8,152,293,2014,30,2.48,0.373,2,8.8,76.4,0.328,0.919,8.701,,2.45,106,0,106,106,51.5,0,41610,2081,0,0,21840,6252,0,13157,29.83,0,0,80.3,3.26,2.75,8.37,1.8,1 tsp,5.3,1 tbsp,,,,
PEPPERMINT FRESH,3,,78.65,70,3.75,0.94,1.76,14.89,8,,243,5.08,80,73,569,31,1.11,0.329,1.176,,31.8,0.082,0.266,1.706,0.338,0.129,114,0,114,114,,0,4248,212,0,,,,,,,0,0,,0.246,0.033,0.508,0.1,2 leaves,3.2,2 tbsp,,,,
PEPPERS HOT CHILI GRN,2,,87.74,40,2,0.2,0.6,9.46,1.5,5.1,18,1.2,25,46,340,7,0.3,0.174,0.237,0.5,242.5,0.09,0.09,0.95,0.061,0.278,23,0,23,23,11.1,0,1179,59,0,23,671,50,0,725,0.69,0,0,14.3,0.021,0.011,0.109,45,1 pepper,75,.5 cup chopped or diced,,,,
PEPPERS HOT CHILI RED,2,,88.02,40,1.87,0.44,0.87,8.81,1.5,5.3,14,1.03,23,43,322,9,0.26,0.129,0.187,0.5,143.7,0.072,0.086,1.244,0.201,0.506,23,0,23,23,10.9,0,952,48,0,36,534,40,0,709,0.69,0,0,14,0.042,0.024,0.239,45,1 pepper,75,.5 cup chopped or diced,,,,
PEPPERS JALAPENO,2,,91.69,29,0.91,0.37,0.53,6.5,2.8,4.12,12,0.25,15,26,248,3,0.14,0.046,0.097,0.4,118.6,0.04,0.07,1.28,0.315,0.419,27,0,27,27,7.5,0,1078,54,0,67,561,105,0,861,3.58,0,0,18.5,0.092,0.029,0.112,90,1 cup sliced,14,1 pepper,,,,
PEPPERS SERRANO,2,,90.25,32,1.74,0.44,0.87,6.7,3.7,3.83,11,0.86,22,40,305,10,0.26,0.129,0.187,0.4,44.9,0.054,0.081,1.537,0.2,0.505,23,0,23,23,8.9,0,937,47,0,18,534,40,0,544,0.69,0,0,11.8,0.059,0.023,0.222,105,1 cup chopped,6.1,1 pepper,,,,
PEPPERS SWEET YELLOW,2,,92.02,27,1,0.21,0.45,6.32,0.9,,11,0.46,12,24,212,2,0.17,0.107,0.117,0.3,183.5,0.028,0.025,0.89,0.168,0.168,26,0,26,26,,0,200,10,0,,120,,,,,0,0,,0.031,,,186,1 pepper  large (3” long),52,10 strips,,,,
PEPPERS SWT GRN,2,,93.89,20,0.86,0.17,0.43,4.64,1.7,2.4,10,0.34,10,20,175,3,0.13,0.066,0.122,0,80.4,0.057,0.028,0.48,0.099,0.224,10,0,10,10,5.5,0,370,18,0,21,208,7,0,341,0.37,0,0,7.4,0.058,0.008,0.062,149,1 cup chopped,92,1 cup sliced,,,,
PEPPERS SWT RED,2,,92.21,31,0.99,0.3,0.47,6.03,2.1,4.2,7,0.43,12,26,211,4,0.25,0.017,0.112,0.1,127.7,0.054,0.085,0.979,0.317,0.291,46,0,46,46,5.6,0,3131,157,0,20,1624,490,0,51,1.58,0,0,4.9,0.027,0.003,0.07,149,1 cup chopped,92,1 cup sliced,,,,
PERSIMMON,1,,64.4,127,0.8,0.4,0.9,33.5,,,27,2.5,,26,310,1,,,,,66,,,,,,,,,,,0,,,,,,,,,,,,,,,,25,1 fruit without pit,,,,,,
PINEAPPLE ALL VAR,1,,86,50,0.54,0.12,0.22,13.12,1.4,9.85,13,0.29,12,8,109,1,0.12,0.11,0.927,0.1,47.8,0.079,0.032,0.5,0.213,0.112,18,0,18,18,5.5,0,58,3,0,0,35,0,0,0,0.02,0,0,0.7,0.009,0.013,0.04,165,1 cup chunks,905,1 fruit,175,"1 slice  (4-2/3"" dia x 3/4"" thick)",,
PLANTAINS,1,,65.28,122,1.3,0.37,1.17,31.89,2.3,15,3,0.6,37,34,499,4,0.14,0.081,,1.5,18.4,0.052,0.054,0.686,0.26,0.299,22,0,22,22,13.5,0,1127,56,0,438,457,0,0,30,0.14,0,0,0.7,0.143,0.032,0.069,148,1 cup sliced,179,1 medium,,,,
PLUMS,1,,87.23,46,0.7,0.28,0.37,11.42,1.4,9.92,6,0.17,7,16,157,0,0.1,0.057,0.052,0,9.5,0.028,0.026,0.417,0.135,0.029,5,0,5,5,1.9,0,345,17,0,0,190,35,0,73,0.26,0,0,6.4,0.017,0.134,0.044,165,1 cup sliced,66,1 fruit  (2” dia),,,,
POMEGRANATES,1,,77.93,83,1.67,1.17,0.53,18.7,4,13.67,10,0.3,12,36,236,3,0.35,0.158,0.119,0.5,10.2,0.067,0.053,0.293,0.377,0.075,38,0,38,38,7.6,0,0,0,0,0,0,0,0,0,0.6,0,0,16.4,0.12,0.093,0.079,174,1 cup arils (seed/juice sacs),282,"1 pomegranate  (4"" dia)",,,,
PRICKLY PEARS,1,,87.55,41,0.73,0.51,1.64,9.57,3.6,,56,0.3,85,24,220,5,0.12,0.08,,0.6,14,0.014,0.06,0.46,,0.06,6,0,6,6,,0,43,2,0,0,25,3,,,,,,,0.067,0.075,0.213,149,1 cup,,,,,,
PUMMELO,1,,89.1,38,0.76,0.04,0.48,9.62,1,,4,0.11,6,17,216,1,0.08,0.048,0.017,,61,0.034,0.027,0.22,,0.036,,,,,,0,8,0,0,0,0,10,,,,,,,,,,190,1 cup sections,609,1 fruit without skin,,,,
PUMPKIN,2,,91.6,26,1,0.1,0.8,6.5,0.5,2.76,21,0.8,12,44,340,1,0.32,0.127,0.125,0.3,9,0.05,0.11,0.6,0.298,0.061,16,0,16,16,8.2,0,8513,426,0,4016,3100,0,0,1500,1.06,0,0,1.1,0.052,0.013,0.005,116,"1 cup  (1"" cubes)",,,,,,
PURSLANE,2,,92.86,20,2.03,0.36,1.36,3.39,,,65,1.99,68,44,494,45,0.17,0.113,0.303,0.9,21,0.047,0.112,0.48,0.036,0.073,12,0,12,12,12.8,0,1320,,0,,,,,,,0,0,,,,,43,1 cup,3,1 plant,,,,
QUINCES,1,,83.8,57,0.4,0.1,0.4,15.3,1.9,,11,0.7,8,17,197,4,0.04,0.13,,0.6,15,0.02,0.03,0.2,0.081,0.04,3,0,3,3,,0,40,2,0,,,,,,,,,,0.01,0.036,0.05,92,1 fruit,,,,,,
RADICCHIO,2,,93.14,23,1.43,0.25,0.7,4.48,0.9,0.6,19,0.57,13,40,302,22,0.62,0.341,0.138,0.9,8,0.016,0.028,0.255,0.269,0.057,60,0,60,60,10.9,0,27,1,0,0,16,0,0,8832,2.26,0,0,255.2,0.06,0.01,0.11,40,1 cup shredded,8,1 leaf,,,,
RADISH SEEDS SPROUTED,2,,90.07,43,3.81,2.53,0.53,3.6,,,51,0.86,44,113,86,6,0.56,0.12,0.26,0.6,28.9,0.102,0.103,2.853,0.733,0.285,95,0,95,95,,0,391,20,0,,,,,,,0,0,,0.767,0.419,1.141,38,1 cup,,,,,,
RADISHES,2,,95.27,16,0.68,0.1,0.55,3.4,1.6,1.86,25,0.34,10,20,233,39,0.28,0.05,0.069,0.6,14.8,0.012,0.039,0.254,0.165,0.071,25,0,25,25,6.5,0,7,0,0,0,4,0,0,10,0,0,0,1.3,0.032,0.017,0.048,116,1 cup slices,9,1 large  ,,,,
RADISHES ORIENTAL,2,,94.62,18,0.6,0.1,0.58,4.1,1.6,2.5,27,0.4,16,23,227,21,0.15,0.115,0.038,0.7,22,0.02,0.02,0.2,0.138,0.046,28,0,28,28,7.3,0,0,0,0,0,0,0,0,0,0,0,0,0.3,0.03,0.017,0.045,116,1 cup slices,338,"1 radish  (7"" long)",,,,
RADISHES WHITE ICICLE,2,,95.37,14,1.1,0.1,0.8,2.63,1.4,,27,0.8,9,28,280,16,0.13,0.099,0.033,0.7,29,0.03,0.02,0.3,0.184,0.075,14,0,14,14,,0,0,0,0,,,,,,,0,0,,0.03,0.016,0.045,50,.5 cup slices,17,"1 radish  (7"" long)",,,,
RASPBERRIES,1,,85.75,52,1.2,0.65,0.46,11.94,6.5,4.42,25,0.69,22,29,151,1,0.42,0.09,0.67,0.2,26.2,0.032,0.038,0.598,0.329,0.055,21,0,21,21,12.3,0,33,2,0,16,12,0,0,136,0.87,0,0,7.8,0.019,0.064,0.375,123,1 cup,312,1 pint,,,,
RHUBARB,1,,93.61,21,0.9,0.2,0.76,4.54,1.8,1.1,86,0.22,12,14,288,4,0.1,0.021,0.196,1.1,8,0.02,0.03,0.3,0.085,0.024,7,0,7,7,6.1,0,102,5,0,0,61,0,0,170,0.27,0,0,29.3,0.053,0.039,0.099,122,1 cup diced,51,1 stalk,,,,
SHALLOTS,2,,79.8,72,2.5,0.1,0.8,16.8,3.2,7.87,37,1.2,21,60,334,12,0.4,0.088,0.292,1.2,8,0.06,0.02,0.2,0.29,0.345,34,0,34,34,11.3,0,4,0,0,0,3,0,0,8,0.04,0,0,0.8,0.017,0.014,0.039,10,1 tbsp chopped,,,,,,
SPINACH,2,,91.4,23,2.86,0.39,1.72,3.63,2.2,0.42,99,2.71,79,49,558,79,0.53,0.13,0.897,1,28.1,0.078,0.189,0.724,0.065,0.195,194,0,194,194,19.3,0,9377,469,0,0,5626,0,0,12198,2.03,0,0,482.9,0.063,0.01,0.165,30,1 cup,340,1 bunch,,,,
STRAWBERRIES,1,,90.95,32,0.67,0.3,0.4,7.68,2,4.89,16,0.41,13,24,153,1,0.14,0.048,0.386,0.4,58.8,0.024,0.022,0.386,0.125,0.047,24,0,24,24,5.7,0,12,1,0,0,7,0,0,26,0.29,0,0,2.2,0.015,0.043,0.155,152,1 cup  halves,357,1 pint,12,1 fruit,,
SWEET POTATO UNPREP,2,,77.28,86,1.57,0.05,0.99,20.12,3,4.18,30,0.61,25,47,337,55,0.3,0.151,0.258,0.6,2.4,0.078,0.061,0.557,0.8,0.209,11,0,11,11,12.3,0,14187,709,0,7,8509,0,0,0,0.26,0,0,1.8,0.018,0.001,0.014,133,1 cup cubes,130,"1 sweetpotato  5"" long",,,,
TAMARINDS,1,,31.4,239,2.8,0.6,2.7,62.5,5.1,38.8,74,2.8,92,113,628,28,0.1,0.086,,1.3,3.5,0.428,0.152,1.938,0.143,0.066,14,0,14,14,8.6,0,30,2,0,0,18,0,0,0,0.1,0,0,2.8,0.272,0.181,0.059,2,1 fruit ,,,,,,
TANGERINES (MANDARIN ORANGES),1,,85.17,53,0.81,0.31,0.38,13.34,1.8,10.58,37,0.15,12,20,166,2,0.07,0.042,0.039,0.1,26.7,0.058,0.036,0.376,0.216,0.078,16,0,16,16,10.2,0,681,34,0,101,155,407,0,138,0.2,0,0,0,0.039,0.06,0.065,195,1 cup sections,76,1 small ,,,,
TOMATILLOS,2,,91.63,32,0.96,1.02,0.55,5.84,1.9,3.93,7,0.62,20,39,268,1,0.22,0.079,0.153,0.5,11.7,0.044,0.035,1.85,0.15,0.056,7,0,7,7,7.6,0,114,6,0,10,63,0,0,467,0.38,0,0,10.1,0.139,0.155,0.417,34,1 medium,132,1 cup chopped or diced,,,,
TOMATOES GREEN,2,,93,23,1.2,0.2,0.5,5.1,1.1,4,13,0.51,10,28,204,13,0.07,0.09,0.1,0.4,23.4,0.06,0.04,0.5,0.5,0.081,9,0,9,9,8.6,0,642,32,0,78,346,0,0,0,0.38,0,0,10.1,0.028,0.03,0.081,180,1 cup,182,1 large,,,,
TOMATOES ORANGE,2,,94.78,16,1.16,0.19,0.69,3.18,0.9,,5,0.47,8,29,212,42,0.14,0.062,0.088,0.4,16,0.046,0.034,0.593,0.186,0.06,29,0,29,29,,0,1496,75,0,,,,,,,0,0,,0.025,0.028,0.076,158,1 cup chopped,111,1 tomato,,,,
TOMATOES RED,2,,94.52,18,0.88,0.2,0.5,3.89,1.2,2.63,10,0.27,11,24,237,5,0.17,0.059,0.114,0,13.7,0.037,0.019,0.594,0.089,0.08,15,0,15,15,6.7,0,833,42,0,101,449,0,2573,123,0.54,0,0,7.9,0.028,0.031,0.083,149,1 cup  cherry tomatoes,62,1 plum tomato,123,1  medium ,,
TOMATOES YELLOW,2,,95.28,15,0.98,0.26,0.5,2.98,0.7,,11,0.49,12,36,258,23,0.28,0.101,0.12,0.4,9,0.041,0.047,1.179,0.11,0.056,30,0,30,30,,0,0,0,0,,,,,,,0,0,,0.036,0.04,0.108,139,1 cup chopped,212,1 tomato,,,,
TURNIP GREENS,2,,89.67,32,1.5,0.3,1.4,7.13,3.2,0.81,190,1.1,31,42,296,40,0.19,0.35,0.466,1.2,60,0.07,0.1,0.6,0.38,0.263,194,0,194,194,,0,11587,579,0,0,6952,0,0,12825,2.86,0,0,251,0.07,0.02,0.12,55,1 cup chopped,,,,,,
TURNIPS,2,,91.87,28,0.9,0.1,0.7,6.43,1.8,3.8,30,0.3,11,27,191,67,0.27,0.085,0.134,0.7,21,0.04,0.03,0.4,0.2,0.09,15,0,15,15,11.1,0,0,0,0,0,0,0,0,0,0.03,0,0,0.1,0.011,0.006,0.053,130,1 cup cubes,183,1 large,,,,
WASABI ROOT,2,,69.11,109,4.8,0.63,1.92,23.54,7.8,,128,1.03,69,80,568,17,1.62,0.155,0.391,,41.9,0.131,0.114,0.743,0.203,0.274,18,0,18,18,,0,35,2,0,0,21,0,,,,0,0,,,,,130,1 cup sliced,169,1 root,,,,
WATERCHESTNUTS CHINESE,2,,73.46,97,1.4,0.1,1.1,23.94,3,4.8,11,0.06,22,63,584,14,0.5,0.326,0.331,0.7,4,0.14,0.2,1,0.479,0.328,16,0,16,16,36.2,0,0,0,0,0,0,0,0,0,1.2,0,0,0.3,0.026,0.002,0.043,62,.5 cup slices,36,4 waterchestnuts,,,,
WATERCRESS,2,,95.11,11,2.3,0.1,1.2,1.29,0.5,0.2,120,0.2,21,60,330,41,0.11,0.077,0.244,0.9,43,0.09,0.12,0.2,0.31,0.129,9,0,9,9,9,0,3191,160,0,0,1914,0,0,5767,1,0,0,250,0.027,0.008,0.035,34,1 cup chopped,2.5,1 sprig,,,,
WATERMELON,1,,91.45,30,0.61,0.15,0.25,7.55,0.4,6.2,7,0.24,10,11,112,1,0.1,0.042,0.038,0.4,8.1,0.033,0.021,0.178,0.221,0.045,3,0,3,3,4.1,0,569,28,0,0,303,78,4532,8,0.05,0,0,0.1,0.016,0.037,0.05,1129,1 wedge (1/4 melon),152,1 cup diced,,,,
